pk_species,euring,taxref,scientific_name,french_name,english_name,niveau_taxo,class_tax,order_tax,family_tax
GAVSTE,20,2411,Gavia stellata,Plongeon catmarin,Red-throated Loon,espece,Oiseaux,Gaviiformes,Gaviidés
GAVARC,30,956,Gavia arctica,Plongeon arctique,Arctic Loon,espece,Oiseaux,Gaviiformes,Gaviidés
GAVIMM,40,959,Gavia immer,Plongeon imbrin,Common Loon,espece,Oiseaux,Gaviiformes,Gaviidés
GAVADA,50,953,Gavia adamsii,Plongeon à bec blanc,Yellow-billed Loon,espece,Oiseaux,Gaviiformes,Gaviidés
PODPOD,60,982,Podilymbus podiceps,Grèbe à bec bigarré,Pied-billed Grebe,espece,Oiseaux,Podicipédiformes,Podicipédidés
TACRUF,70,977,Tachybaptus ruficollis,Grèbe castagneux,Little Grebe,espece,Oiseaux,Podicipédiformes,Podicipédidés
PODCRI,90,965,Podiceps cristatus,Grèbe huppé,Great Crested Grebe,espece,Oiseaux,Podicipédiformes,Podicipédidés
PODGRI,100,968,Podiceps grisegena,Grèbe jougris,Red-necked Grebe,espece,Oiseaux,Podicipédiformes,Podicipédidés
PODAUR,110,971,Podiceps auritus,Grèbe esclavon,Horned Grebe,espece,Oiseaux,Podicipédiformes,Podicipédidés
PODNIG,120,974,Podiceps nigricollis,Grèbe à cou noir,Eared Grebe,espece,Oiseaux,Podicipédiformes,Podicipédidés
DIOMEL,140,442424,Thalassarche melanophris,Albatros à sourcils noirs,Black-browed Albatross,espece,Oiseaux,Procellariiformes,Diomédéidés
DIOEXU,200,988,Diomedea exulans,Albatros hurleur,Wandering Albatross,espece,Oiseaux,Procellariiformes,Diomédéidés
FULGLA,220,998,Fulmarus glacialis,Fulmar boréal,Northern Fulmar,espece,Oiseaux,Procellariiformes,Procéllariidés
BULBUL,340,1005,Bulweria bulwerii,Pétrel de Bulwer,Bulwer's Petrel,espece,Oiseaux,Procellariiformes,Procéllariidés
CALDIO,360,1009,Calonectris diomedea,Puffin cendré,Cory's Shearwater,espece,Oiseaux,Procellariiformes,Procéllariidés
PUFGRA,400,790987,Ardenna gravis,Puffin majeur,Great Shearwater,espece,Oiseaux,Procellariiformes,Procéllariidés
PUFGRI,430,1024,Puffinus griseus,Puffin fuligineux,Sooty Shearwater,espece,Oiseaux,Procellariiformes,Procéllariidés
PUFPUF,460,1027,Puffinus puffinus,Puffin des Anglais,Manx Shearwater,espece,Oiseaux,Procellariiformes,Procéllariidés
PUFYEL,462,1031,Puffinus yelkouan,Puffin de Méditerranée,Yelkouan Shearwater,espece,Oiseaux,Procellariiformes,Procéllariidés
PUFASS,480,1020,Puffinus assimilis,Petit Puffin,Little Shearwater,espece,Oiseaux,Procellariiformes,Procéllariidés
OCEOCE,500,1039,Oceanites oceanicus,Océanite de Wilson,Wilson's Storm-Petrel,espece,Oiseaux,Procellariiformes,Hydrobatidés
HYDPEL,520,2419,Hydrobates pelagicus,Océanite tempête,European Storm-Petrel,espece,Oiseaux,Procellariiformes,Hydrobatidés
OCELEU,550,2423,Oceanodroma leucorhoa,Océanite culblanc,Leach's Storm-Petrel,espece,Oiseaux,Procellariiformes,Hydrobatidés
OCEMON,560,2429,Oceanodroma monorhis,Océanite de Swinhoe,Swinhoe's Storm-Petrel,espece,Oiseaux,Procellariiformes,Hydrobatidés
OCECAS,580,2426,Oceanodroma castro,Océanite de Castro,Band-rumped Storm-Petrel,espece,Oiseaux,Procellariiformes,Hydrobatidés
SULBAS,710,2437,Morus bassanus,Fou de Bassan,Northern Gannet,espece,Oiseaux,Pélécaniformes,Sulidés
PHACAR,720,2440,Phalacrocorax carbo,Grand Cormoran,Great Cormorant,espece,Oiseaux,Pélécaniformes,Phalacrocoracidés
PHACARCAR,721,2442,Phalacrocorax carbo carbo,Grand Cormoran atlantique,Cormorant,sous-espece,Oiseaux,Pélécaniformes,Phalacrocoracidés
PHACARSIN,722,2446,Phalacrocorax carbo sinensis,Grand Cormoran continental,Cormorant,sous-espece,Oiseaux,Pélécaniformes,Phalacrocoracidés
PHAARI,800,2447,Phalacrocorax aristotelis,Cormoran huppé,European Shag,espece,Oiseaux,Pélécaniformes,Phalacrocoracidés
PHAARIARI,801,2450,Phalacrocorax aristotelis aristotelis,Cormoran huppé,Shag,sous-espece,Oiseaux,Pélécaniformes,Phalacrocoracidés
PHAARIDES,802,2452,Phalacrocorax aristotelis desmarestii,Cormoran huppé méditerranéen,Mediterranean Shag,sous-espece,Oiseaux,Pélécaniformes,Phalacrocoracidés
PHAPYG,820,2454,Phalacrocorax pygmaeus,Cormoran pygmée,Pygmy Cormorant,espece,Oiseaux,Pélécaniformes,Phalacrocoracidés
PELONO,880,2460,Pelecanus onocrotalus,Pélican blanc,Great White Pelican,espece,Oiseaux,Pélécaniformes,Pélécanidés
PELCRI,890,2462,Pelecanus crispus,Pélican frisé,Dalmatian Pelican,espece,Oiseaux,Pélécaniformes,Pélécanidés
FREMAG,930,2468,Fregata magnificens,Frégate superbe,Magnificent Frigatebird,espece,Oiseaux,Pélécaniformes,Frégatidés
BOTSTE,950,2473,Botaurus stellaris,Butor étoilé,Great Bittern,espece,Oiseaux,Ciconiiformes,Ardéidés
IXOMIN,980,2477,Ixobrychus minutus,Blongios nain,Little Bittern,espece,Oiseaux,Ciconiiformes,Ardéidés
NYCNYC,1040,2481,Nycticorax nycticorax,Bihoreau gris,Black-crowned Night-Heron,espece,Oiseaux,Ciconiiformes,Ardéidés
BUTVIR,,199328,Butorides virescens,Héron vert,Green Heron,espece,Oiseaux,Ciconiiformes,Ardéidés
ARDRAL,1080,2486,Ardeola ralloides,Crabier chevelu,Squacco Heron,espece,Oiseaux,Ciconiiformes,Ardéidés
BUBIBI,1110,2489,Bubulcus ibis,Héron garde-boeufs,Cattle Egret,espece,Oiseaux,Ciconiiformes,Ardéidés
EGRGUL,1180,2494,Egretta gularis,Aigrette à gorge blanche,Western Reef-Heron,espece,Oiseaux,Ciconiiformes,Ardéidés
EGRGAR,1190,2497,Egretta garzetta,Aigrette garzette,Little Egret,espece,Oiseaux,Ciconiiformes,Ardéidés
EGRALB,1210,2504,Ardea alba,Grande Aigrette,Great Egret,espece,Oiseaux,Ciconiiformes,Ardéidés
ARDCIN,1220,2506,Ardea cinerea,Héron cendré,Gray Heron,espece,Oiseaux,Ciconiiformes,Ardéidés
ARDPUR,1240,2508,Ardea purpurea,Héron pourpré,Purple Heron,espece,Oiseaux,Ciconiiformes,Ardéidés
CICNIG,1310,2514,Ciconia nigra,Cigogne noire,Black Stork,espece,Oiseaux,Ciconiiformes,Ciconiidés
CICCIC,1340,2517,Ciconia ciconia,Cigogne blanche,White Stork,espece,Oiseaux,Ciconiiformes,Ciconiidés
PLEFAL,1360,2522,Plegadis falcinellus,Ibis falcinelle,Glossy Ibis,espece,Oiseaux,Ciconiiformes,Threskiornithidés
THRAET,1420,2687,Threskiornis aethiopicus,Ibis sacré,Sacred Ibis,espece,Oiseaux,Ciconiiformes,Threskiornithidés
PLALEU,1440,2530,Platalea leucorodia,Spatule blanche,Eurasian Spoonbill,espece,Oiseaux,Ciconiiformes,Threskiornithidés
PHORUB,1470,199335,Phoenicopterus roseus,Flamant rose,Greater Flamingo,espece,Oiseaux,Phoenicoptériformes,Phoenicoptédés
CYGOLO,1520,2706,Cygnus olor,Cygne tuberculé,Mute Swan,espece,Oiseaux,Ansériformes,Anatidés
CYGCOL,1530,2709,Cygnus columbianus,Cygne de Bewick,Tundra Swan,espece,Oiseaux,Ansériformes,Anatidés
CYGCYG,1540,2715,Cygnus cygnus,Cygne chanteur,Whooper Swan,espece,Oiseaux,Ansériformes,Anatidés
ANSFAB,1570,2720,Anser fabalis,Oie des moissons,Taiga Bean-Goose,espece,Oiseaux,Ansériformes,Anatidés
ANSFABFAB,1571,2723,Anser fabalis fabalis,Oie des moissons de la taïga,Western Taiga Bean-Goose,sous-espece,Oiseaux,Ansériformes,Anatidés
ANSFABJOH,1572,,Anser fabalis johanseni,Oie des moissons ouest-sibérienne,Siberian Taiga Bean Goose,sous-espece,Oiseaux,Ansériformes,Anatidés
ANSFABROS,1574,2724,Anser fabalis rossicus,Oie des moissons de la toundra,Russian Taiga Bean Goose,sous-espece,Oiseaux,Ansériformes,Anatidés
ANSBRA,1580,2725,Anser brachyrhynchus,Oie à bec court,Pink-footed Goose,espece,Oiseaux,Ansériformes,Anatidés
ANSALB,1590,2734,Anser albifrons,Oie rieuse,Greater White-fronted Goose,espece,Oiseaux,Ansériformes,Anatidés
ANSALBALB,1591,2737,Anser albifrons albifrons,Oie rieuse eurasienne,White-fronted Goose,sous-espece,Oiseaux,Ansériformes,Anatidés
ANSALBFLA,1592,2738,Anser albifrons flavirostris,Oie rieuse du Groenland,White-fronted Goose,sous-espece,Oiseaux,Ansériformes,Anatidés
ANSERY,1600,2739,Anser erythropus,Oie naine,Lesser White-fronted Goose,espece,Oiseaux,Ansériformes,Anatidés
ANSANS,1610,2741,Anser anser,Oie cendrée,Graylag Goose,espece,Oiseaux,Ansériformes,Anatidés
ANSANSANS,1611,2744,Anser anser anser,Oie cendrée occidentale,Greylag Goose,sous-espece,Oiseaux,Ansériformes,Anatidés
ANSANSRUB,1612,2745,Anser anser rubrirostris,Oie cendrée orientale,Greylag Goose,sous-espece,Oiseaux,Ansériformes,Anatidés
ANSIND,1620,2731,Anser indicus,Oie à tête barrée,Bar-headed Goose,espece,Oiseaux,Anatidés,Anatidés
ANSCAE,1630,2727,Anser caerulescens,Oie des neiges,Snow Goose,espece,Oiseaux,Ansériformes,Anatidés
ANSCAECAE,1631,,Anser caerulescens caerulescens,Oie des neiges occidentale,Lesser Snow Goose,sous-espece,Oiseaux,Ansériformes,Anatidés
ANSCAEATL,1632,,Anser caerulescens atlanticus,Oie des neiges de l'Est,Greater Snow Goose,sous-espece,Oiseaux,Ansériformes,Anatidés
BRACAN,1660,2747,Branta canadensis,Bernache du Canada,Canada Goose,espece,Oiseaux,Ansériformes,Anatidés
BRALEU,1670,2750,Branta leucopsis,Bernache nonnette,Barnacle Goose,espece,Oiseaux,Ansériformes,Anatidés
BRABER,1680,2757,Branta bernicla,Bernache cravant,Dark-bellied Brant,espece,Oiseaux,Ansériformes,Anatidés
BRABERBER,1681,2760,Branta bernicla bernicla,Bernache cravant,Dark-bellied Brant (bernicla),sous-espece,Oiseaux,Ansériformes,Anatidés
BRABERHRO,1682,2762,Branta bernicla hrota,Bernache cravant occidentale,Pale-bellied Brant,sous-espece,Oiseaux,Ansériformes,Anatidés
BRARUF,1690,2753,Branta ruficollis,Bernache à cou roux,Red-breasted Goose,espece,Oiseaux,Ansériformes,Anatidés
ALOAEG,1700,459626,Alopochen aegyptiaca,Ouette d'Egypte,Egyptian Goose,espece,Oiseaux,Ansériformes,Anatidés
TADFER,1710,2770,Tadorna ferruginea,Tadorne casarca,Ruddy Shelduck,espece,Oiseaux,Ansériformes,Anatidés
TADTAD,1730,2767,Tadorna tadorna,Tadorne de Belon,Common Shelduck,espece,Oiseaux,Ansériformes,Anatidés
DENVID,,2399,Dendrocygna viduata,Dendrocygne veuf,White-faced Whistling-Duck,espece,Oiseaux,Anatidés,Anatidés
AIXSPO,1770,2775,Aix sponsa,Canard carolin,Wood Duck,espece,Oiseaux,Ansériformes,Anatidés
AIXGAL,1780,2776,Aix galericulata,Canard mandarin,Mandarin Duck,espece,Oiseaux,Ansériformes,Anatidés
ANAPEN,1790,1950,Anas penelope,Canard siffleur,Eurasian Wigeon,espece,Oiseaux,Ansériformes,Anatidés
ANAAME,1800,1953,Anas americana,Canard à front blanc,American Wigeon,espece,Oiseaux,Ansériformes,Anatidés
ANASTR,1820,1956,Anas strepera,Canard chipeau,Gadwall,espece,Oiseaux,Ansériformes,Anatidés
ANAFOR,1830,1964,Anas formosa,Sarcelle élégante,Baikal Teal,espece,Oiseaux,Ansériformes,Anatidés
ANACRE,1840,1958,Anas crecca,Sarcelle d'hiver,Green-winged Teal,espece,Oiseaux,Ansériformes,Anatidés
ANAPLA,1860,1966,Anas platyrhynchos,Canard colvert,Mallard,espece,Oiseaux,Ansériformes,Anatidés
ANARUB,1870,1968,Anas rubripes,Canard noir,American Black Duck,espece,Oiseaux,Ansériformes,Anatidés
ANAACU,1890,1973,Anas acuta,Canard pilet,Northern Pintail,espece,Oiseaux,Ansériformes,Anatidés
ANAQUE,1910,1975,Anas querquedula,Sarcelle d'été,Garganey,espece,Oiseaux,Ansériformes,Anatidés
ANADIS,1920,1962,Anas discors,Sarcelle à ailes bleues,Blue-winged Teal,espece,Oiseaux,Ansériformes,Anatidés
ANACLY,1940,1970,Anas clypeata,Canard souchet,Northern Shoveler,espece,Oiseaux,Ansériformes,Anatidés
MARANG,1950,1980,Marmaronetta angustirostris,Sarcelle marbrée,Marbled Teal,espece,Oiseaux,Ansériformes,Anatidés
NETRUF,1960,1984,Netta rufina,Nette rousse,Red-crested Pochard,espece,Oiseaux,Ansériformes,Anatidés
AYTFERNYR,,,Aythya ferina x nyroca,Fuligule hybride x milouin nyroca,,hybride,Oiseaux,Ansériformes,Anatidés
AYTFER,1980,1991,Aythya ferina,Fuligule milouin,Common Pochard,espece,Oiseaux,Ansériformes,Anatidés
AYTCOL,2000,1988,Aythya collaris,Fuligule à bec cerclé,Ring-necked Duck,espece,Oiseaux,Ansériformes,Anatidés
AYTNYR,2020,1995,Aythya nyroca,Fuligule nyroca,Ferruginous Duck,espece,Oiseaux,Ansériformes,Anatidés
AYTFUL,2030,1998,Aythya fuligula,Fuligule morillon,Tufted Duck,espece,Oiseaux,Ansériformes,Anatidés
AYTMAR,2040,2001,Aythya marila,Fuligule milouinan,Greater Scaup,espece,Oiseaux,Ansériformes,Anatidés
AYTAFF,2050,199305,Aythya affinis,Fuligule à tête noire,Lesser Scaup,espece,Oiseaux,Ansériformes,Anatidés
SOMMOL,2060,2005,Somateria mollissima,Eider à duvet,Common Eider,espece,Oiseaux,Ansériformes,Anatidés
POLSTE,2090,199307,Polysticta stelleri,Eider de Steller,Steller's Eider,espece,Oiseaux,Ansériformes,Anatidés
HISHIS,2110,2788,Histrionicus histrionicus,Arlequin plongeur,Harlequin Duck,espece,Oiseaux,Ansériformes,Anatidés
CLAHYE,2120,2790,Clangula hyemalis,Harelde boréale,Long-tailed Duck,espece,Oiseaux,Ansériformes,Anatidés
MELNIG,2130,2794,Melanitta nigra,Macreuse noire,Common Scoter,espece,Oiseaux,Ansériformes,Anatidés
MELPER,2140,2798,Melanitta perspicillata,Macreuse à front blanc,Surf Scoter,espece,Oiseaux,Ansériformes,Anatidés
MELFUS,2150,2801,Melanitta fusca,Macreuse brune,White-winged Scoter,espece,Oiseaux,Ansériformes,Anatidés
BUCISL,2170,2805,Bucephala islandica,Garrot d'Islande,Barrow's Goldeneye,espece,Oiseaux,Ansériformes,Anatidés
BUCCLA,2180,2808,Bucephala clangula,Garrot à oeil d'or,Common Goldeneye,espece,Oiseaux,Ansériformes,Anatidés
MERALB,2200,199312,Mergellus albellus,Harle piette,Smew,espece,Oiseaux,Ansériformes,Anatidés
MERSER,2210,2816,Mergus serrator,Harle huppé,Red-breasted Merganser,espece,Oiseaux,Ansériformes,Anatidés
MERMER,2230,2818,Mergus merganser,Harle bièvre,Common Merganser,espece,Oiseaux,Ansériformes,Anatidés
OXYJAM,2250,2823,Oxyura jamaicensis,Erismature rousse,Ruddy Duck,espece,Oiseaux,Ansériformes,Anatidés
OXYLEU,2260,2826,Oxyura leucocephala,Erismature à tête blanche,White-headed Duck,espece,Oiseaux,Ansériformes,Anatidés
RAPACE,,,,Rapace sp,,generique,Oiseaux,Accipitriformes,
PERAPI,2310,2832,Pernis apivorus,Bondrée apivore,European Honey-buzzard,espece,Oiseaux,Accipitriformes,Accipitridés
ELACAE,2350,2836,Elanus caeruleus,Elanion blanc,Black-shouldered Kite,espece,Oiseaux,Accipitriformes,Accipitridés
MILMIG,2380,2840,Milvus migrans,Milan noir,Black Kite,espece,Oiseaux,Accipitriformes,Accipitridés
MILMIL,2390,2844,Milvus milvus,Milan royal,Red Kite,espece,Oiseaux,Accipitriformes,Accipitridés
HALALB,2430,2848,Haliaeetus albicilla,Pygargue à queue blanche,White-tailed Eagle,espece,Oiseaux,Accipitriformes,Accipitridés
GYPBAR,2460,2852,Gypaetus barbatus,Gypaète barbu,Lammergeier,espece,Oiseaux,Accipitriformes,Accipitridés
NEOPER,2470,2856,Neophron percnopterus,Vautour percnoptère,Egyptian Vulture,espece,Oiseaux,Accipitriformes,Accipitridés
GYPFUL,2510,2860,Gyps fulvus,Vautour fauve,Eurasian Griffon,espece,Oiseaux,Accipitriformes,Accipitridés
TORTRA,2540,2864,Torgos tracheliotus,Vautour oricou,Lappet-faced Vulture,espece,Oiseaux,Accipitriformes,Accipitridés
AEGMON,2550,2869,Aegypius monachus,Vautour moine,Cinereous Vulture,espece,Oiseaux,Accipitriformes,Accipitridés
CIRGAL,2560,2873,Circaetus gallicus,Circaète Jean-le-blanc,Short-toed Snake-Eagle,espece,Oiseaux,Accipitriformes,Accipitridés
CIRAER,2600,2878,Circus aeruginosus,Busard des roseaux,Eurasian Marsh-Harrier,espece,Oiseaux,Accipitriformes,Accipitridés
CIRCYA,2610,2881,Circus cyaneus,Busard Saint-Martin,Northern Harrier,espece,Oiseaux,Accipitriformes,Accipitridés
CIRMAC,2620,2884,Circus macrourus,Busard pâle,Pallid Harrier,espece,Oiseaux,Accipitriformes,Accipitridés
CIRPYG,2630,2887,Circus pygargus,Busard cendré,Montagu's Harrier,espece,Oiseaux,Accipitriformes,Accipitridés
ACCGEN,2670,2891,Accipiter gentilis,Autour des palombes,Northern Goshawk,espece,Oiseaux,Accipitriformes,Accipitridés
ACCNIS,2690,2895,Accipiter nisus,Epervier d'Europe,Eurasian Sparrowhawk,espece,Oiseaux,Accipitriformes,Accipitridés
BUTBUT,2870,2623,Buteo buteo,Buse variable,Common Buzzard,espece,Oiseaux,Accipitriformes,Accipitridés
BUTBUTVUL,2872,779863,Buteo buteo vulpinus,Buse de Russie,Western Steppe Common Buzzard,sous-espece,Oiseaux,Accipitriformes,Accipitridés
BUTRUF,2880,2627,Buteo rufinus,Buse féroce,Long-legged Buzzard,espece,Oiseaux,Accipitriformes,Accipitridés
BUTLAG,2900,2630,Buteo lagopus,Buse pattue,Rough-legged Hawk,espece,Oiseaux,Accipitriformes,Accipitridés
AQUPOM,2920,836345,Clanga pomarina,Aigle pomarin,Lesser Spotted Eagle,espece,Oiseaux,Accipitriformes,Accipitridés
AQUCLA,2930,836346,Clanga clanga,Aigle criard,Greater Spotted Eagle,espece,Oiseaux,Accipitriformes,Accipitridés
AQUHEL,2950,2643,Aquila heliaca,Aigle impérial,Imperial Eagle,espece,Oiseaux,Accipitriformes,Accipitridés
AQUADA,2952,2634,Aquila adalberti,Aigle ibérique,Spanish Eagle,espece,Oiseaux,Accipitriformes,Accipitridés
AQUCHR,2960,2645,Aquila chrysaetos,Aigle royal,Golden Eagle,espece,Oiseaux,Accipitriformes,Accipitridés
HIEPEN,2980,2651,Hieraaetus pennatus,Aigle botté,Booted Eagle,espece,Oiseaux,Accipitriformes,Accipitridés
HIEFAS,2990,2657,Aquila fasciata,Aigle de Bonelli,Bonelli's Eagle,espece,Oiseaux,Accipitriformes,Accipitridés
PANHAL,3010,2660,Pandion haliaetus,Balbuzard pêcheur,Osprey,espece,Oiseaux,Accipitriformes,Pandionidés
FALNAU,3030,2666,Falco naumanni,Faucon crécerellette,Lesser Kestrel,espece,Oiseaux,Falconiformes,Falconidés
FALTIN,3040,2669,Falco tinnunculus,Faucon crécerelle,Eurasian Kestrel,espece,Oiseaux,Falconiformes,Falconidés
FALVES,3070,2674,Falco vespertinus,Faucon kobez,Red-footed Falcon,espece,Oiseaux,Falconiformes,Falconidés
FALCOL,3090,2676,Falco columbarius,Faucon émerillon,Merlin,espece,Oiseaux,Falconiformes,Falconidés
FALSUB,3100,2679,Falco subbuteo,Faucon hobereau,Eurasian Hobby,espece,Oiseaux,Falconiformes,Falconidés
FALELE,3110,2681,Falco eleonorae,Faucon d'Eléonore,Eleonora's Falcon,espece,Oiseaux,Falconiformes,Falconidés
FALBIA,3140,2683,Falco biarmicus,Faucon lanier,Lanner Falcon,espece,Oiseaux,Falconiformes,Falconidés
FALCHE,3160,2672,Falco cherrug,Faucon sacre,Saker Falcon,espece,Oiseaux,Falconiformes,Falconidés
FALRUS,3180,2931,Falco rusticolus,Faucon gerfaut,Gyrfalcon,espece,Oiseaux,Falconiformes,Falconidés
FALPER,3200,2938,Falco peregrinus,Faucon pèlerin,Peregrine Falcon,espece,Oiseaux,Falconiformes,Falconidés
BONBON,3260,199294,Bonasa bonasia,Gélinotte des bois,Hazel Grouse,espece,Oiseaux,Galliformes,Tétraonidés
LAGLAG,3290,2948,Lagopus lagopus,Lagopède des saules,Willow Ptarmigan,espece,Oiseaux,Galliformes,Tétraonidés
LAGLAGSCO,3292,,Lagopus lagopus scotica,Lagopède d'Ecosse,Red Grouse,sous-espece,Oiseaux,Galliformes,Tétraonidés
LAGMUT,3300,459629,Lagopus muta,Lagopède alpin,Rock Ptarmigan,espece,Oiseaux,Galliformes,Tétraonidés
TETRIX,3320,2960,Tetrao tetrix,Tétras lyre,Black Grouse,espece,Oiseaux,Galliformes,Tétraonidés
TETURO,3350,2964,Tetrao urogallus,Grand Tétras,Eurasian Capercaillie,espece,Oiseaux,Galliformes,Tétraonidés
CALCAL,3410,3014,Callipepla californica,Colin de Californie,California Quail,espece,Oiseaux,Galliformes,Phasianidés
COLVIR,3450,3017,Colinus virginianus,Colin de Virginie,Northern Bobwhite,espece,Oiseaux,Galliformes,Phasianidés
ALECHU,3550,2981,Alectoris chukar,Perdrix choukar,Chukar,espece,Oiseaux,Galliformes,Phasianidés
ALEGRA,3570,2971,Alectoris graeca,Perdrix bartavelle,Rock Partridge,espece,Oiseaux,Galliformes,Phasianidés
ALERUF,3580,2975,Alectoris rufa,Perdrix rouge,Red-legged Partridge,espece,Oiseaux,Galliformes,Phasianidés
ALEBAR,3590,2978,Alectoris barbara,Perdrix gambra,Barbary Partridge,espece,Oiseaux,Galliformes,Phasianidés
PERPER,3670,2989,Perdix perdix,Perdrix grise,Gray Partridge,espece,Oiseaux,Galliformes,Phasianidés
COTCOT,3700,2996,Coturnix coturnix,Caille des blés,Common Quail,espece,Oiseaux,Galliformes,Phasianidés
SYRREE,3930,3000,Syrmaticus reevesii,Faisan vénéré,Reeves's Pheasant,espece,Oiseaux,Galliformes,Phasianidés
PHACOL,3940,3003,Phasianus colchicus,Faisan de Colchide,Ring-necked Pheasant,espece,Oiseaux,Galliformes,Phasianidés
TURSYL,4000,,Turnix sylvaticus,Turnix mugissant,Small Buttonquail,espece,Oiseaux,Galliformes,Turnicidés
RALAQU,4070,3036,Rallus aquaticus,Râle d'eau,Water Rail,espece,Oiseaux,Gruiformes,Rallidés
PORPOR,4080,3039,Porzana porzana,Marouette ponctuée,Spotted Crake,espece,Oiseaux,Gruiformes,Rallidés
PORCAR,4090,3049,Porzana carolina,Marouette de Caroline,Sora,espece,Oiseaux,Gruiformes,Rallidés
PORPAR,4100,836245,Zapornia parva,Marouette poussin,Little Crake,espece,Oiseaux,Gruiformes,Rallidés
PORPUS,4110,836246,Zapornia pusilla,Marouette de Baillon,Baillon's Crake,espece,Oiseaux,Gruiformes,Rallidés
CRECRE,4210,3053,Crex crex,Râle des genêts,Corn Crake,espece,Oiseaux,Gruiformes,Rallidés
GALCHL,4240,3059,Gallinula chloropus,Gallinule poule-d'eau,Eurasian Moorhen,espece,Oiseaux,Gruiformes,Rallidés
PORALL,4250,3065,Porphyrio alleni,Talève d'Allen,Allen's Gallinule,espece,Oiseaux,Gruiformes,Rallidés
PORRIO,4270,3067,Porphyrio porphyrio,Talève sultane,Western Swamphen,espece,Oiseaux,Gruiformes,Rallidés
FULATR,4290,3070,Fulica atra,Foulque macroule,Eurasian Coot,espece,Oiseaux,Gruiformes,Rallidés
FULCRI,4310,3072,Fulica cristata,Foulque caronculée,Red-knobbed Coot,espece,Oiseaux,Gruiformes,Rallidés
GRUGRU,4330,3076,Grus grus,Grue cendrée,Common Crane,espece,Oiseaux,Gruiformes,Gruidés
TETRAX,4420,3089,Tetrax tetrax,Outarde canepetière,Little Bustard,espece,Oiseaux,Gruiformes,Otididés
CHLUND,4440,,Chlamydotis undulata,Outarde houbara,Houbara Bustard,espece,Oiseaux,Gruiformes,Otididés
OTITAR,4460,3101,Otis tarda,Outarde barbue,Great Bustard,espece,Oiseaux,Gruiformes,Otididés
ROSBEN,4490,,Rostratula benghalensis,Rhynchée peinte,Greater Painted-snipe,espece,Oiseaux,Scolopacidés,Scolopacidés
LIMICO,,,,Limicole sp,,generique,Oiseaux,Charadriiformes,Scolopacidés
HAEOST,4500,3106,Haematopus ostralegus,Huîtrier pie,Eurasian Oystercatcher,espece,Oiseaux,Charadriiformes,Haematropodidés
HIMHIM,4550,3112,Himantopus himantopus,Echasse blanche,Black-winged Stilt,espece,Oiseaux,Charadriiformes,Recurvirostridés
RECAVO,4560,3116,Recurvirostra avosetta,Avocette élégante,Pied Avocet,espece,Oiseaux,Charadriiformes,Recurvirostridés
BUROED,4590,3120,Burhinus oedicnemus,Oedicnème criard,Eurasian Thick-knee,espece,Oiseaux,Charadriiformes,Burhinidés
CURCUR,4640,3125,Cursorius cursor,Courvite isabelle,Cream-colored Courser,espece,Oiseaux,Charadriiformes,Glaréolidés
GLAPRA,4650,3129,Glareola pratincola,Glaréole à collier,Collared Pratincole,espece,Oiseaux,Charadriiformes,Glaréolidés
GLANOR,4670,3132,Glareola nordmanni,Glaréole à ailes noires,Black-winged Pratincole,espece,Oiseaux,Charadriiformes,Glaréolidés
CHADUB,4690,3136,Charadrius dubius,Petit Gravelot,Little Ringed Plover,espece,Oiseaux,Charadriiformes,Charadriidés
CHAHIA,4700,3140,Charadrius hiaticula,Grand Gravelot,Common Ringed Plover,espece,Oiseaux,Charadriiformes,Charadriidés
CHAVOC,4740,3144,Charadrius vociferus,Gravelot kildir,Killdeer,espece,Oiseaux,Charadriiformes,Charadriidés
CHAALE,4770,3142,Charadrius alexandrinus,Gravelot à collier interrompu,Kentish Plover,espece,Oiseaux,Charadriiformes,Charadriidés
CHALES,4790,3148,Charadrius leschenaultii,Gravelot de Leschenault,Greater Sand-Plover,espece,Oiseaux,Charadriiformes,Charadriidés
CHAASI,4800,3150,Charadrius asiaticus,Pluvier asiatique,Caspian Plover,espece,Oiseaux,Charadriiformes,Charadriidés
CHAMOR,4820,3155,Charadrius morinellus,Pluvier guignard,Eurasian Dotterel,espece,Oiseaux,Charadriiformes,Charadriidés
PLUDOM,4840,3158,Pluvialis dominica,Pluvier bronzé,American Golden-Plover,espece,Oiseaux,Charadriiformes,Charadriidés
PLUFUL,4842,3170,Pluvialis fulva,Pluvier fauve,Pacific Golden-Plover,espece,Oiseaux,Charadriiformes,Charadriidés
PLUAPR,4850,3161,Pluvialis apricaria,Pluvier doré,European Golden-Plover,espece,Oiseaux,Charadriiformes,Charadriidés
PLUAPRAPR,4851,,Pluvialis apricaria apricaria,Pluvier doré du nord,European Golden-Plover,sous-espece,Oiseaux,Charadriiformes,Charadriidés
PLUAPRALT,4852,3164,Pluvialis apricaria altifrons,Pluvier doré du sud,European Golden-Plover (atrifrons),sous-espece,Oiseaux,Charadriiformes,Charadriidés
PLUSQU,4860,3165,Pluvialis squatarola,Pluvier argenté,Black-bellied Plover,espece,Oiseaux,Charadriiformes,Charadriidés
HOPSPI,4870,,Vanellus spinosus,Vanneau éperonné,Spur-winged Lapwing,espece,Oiseaux,Charadriiformes,Charadriidés
CHEGRE,4910,3178,Chettusia gregaria,Vanneau sociable,Sociable Lapwing,espece,Oiseaux,Charadriiformes,Charadriidés
CHELEU,4920,3182,Chettusia leucura,Vanneau à queue blanche,White-tailed Lapwing,espece,Oiseaux,Charadriiformes,Charadriidés
VANVAN,4930,3187,Vanellus vanellus,Vanneau huppé,Northern Lapwing,espece,Oiseaux,Charadriiformes,Charadriidés
CALCAN,4960,3192,Calidris canutus,Bécasseau maubèche,Red Knot,espece,Oiseaux,Charadriiformes,Scolopacidés
CALALB,4970,3195,Calidris alba,Bécasseau sanderling,Sanderling,espece,Oiseaux,Charadriiformes,Scolopacidés
CALPUS,4980,3199,Calidris pusilla,Bécasseau semipalmé,Semipalmated Sandpiper,espece,Oiseaux,Charadriiformes,Scolopacidés
CALMAU,4990,3203,Calidris mauri,Bécasseau d'Alaska,Western Sandpiper,espece,Oiseaux,Charadriiformes,Scolopacidés
CALLIS,5000,199353,Calidris ruficollis,Bécasseau à col roux,Red-necked Stint,espece,Oiseaux,Charadriiformes,Scolopacidés
CALMIN,5010,3206,Calidris minuta,Bécasseau minute,Little Stint,espece,Oiseaux,Charadriiformes,Scolopacidés
CALTEM,5020,3210,Calidris temminckii,Bécasseau de Temminck,Temminck's Stint,espece,Oiseaux,Charadriiformes,Scolopacidés
CALLLA,5040,3214,Calidris minutilla,Bécasseau minuscule,Least Sandpiper,espece,Oiseaux,Charadriiformes,Scolopacidés
CALFUS,5050,3218,Calidris fuscicollis,Bécasseau de Bonaparte,White-rumped Sandpiper,espece,Oiseaux,Charadriiformes,Scolopacidés
CALBAI,5060,3222,Calidris bairdii,Bécasseau de Baird,Baird's Sandpiper,espece,Oiseaux,Charadriiformes,Scolopacidés
CALMEL,5070,3226,Calidris melanotos,Bécasseau tacheté,Pectoral Sandpiper,espece,Oiseaux,Charadriiformes,Scolopacidés
CALACU,5080,3231,Calidris acuminata,Bécasseau à queue pointue,Sharp-tailed Sandpiper,espece,Oiseaux,Charadriiformes,Scolopacidés
CALFER,5090,2901,Calidris ferruginea,Bécasseau cocorli,Curlew Sandpiper,espece,Oiseaux,Charadriiformes,Scolopacidés
CALMAR,5100,2906,Calidris maritima,Bécasseau violet,Purple Sandpiper,espece,Oiseaux,Charadriiformes,Scolopacidés
CALALP,5120,2911,Calidris alpina,Bécasseau variable,Dunlin,espece,Oiseaux,Charadriiformes,Scolopacidés
CALALPALP,5121,2916,Calidris alpina alpina,Bécasseau variable alpina,Dunlin,sous-espece,Oiseaux,Charadriiformes,Scolopacidés
CALALPSCH,5123,2918,Calidris alpina schinzii,Bécasseau variable schinzii,Short-billed Dunlin,sous-espece,Oiseaux,Charadriiformes,Scolopacidés
LIMFAL,5140,828816,Calidris falcinellus,Bécasseau falcinelle,Broad-billed Sandpiper,espece,Oiseaux,Charadriiformes,Scolopacidés
MICHIM,5150,444423,Calidris himantopus,Bécasseau à échasses,Stilt Sandpiper,espece,Oiseaux,Charadriiformes,Scolopacidés
TRYSUB,5160,2929,Calidris subruficollis,Bécasseau roussâtre,Buff-breasted Sandpiper,espece,Oiseaux,Charadriiformes,Scolopacidés
PHIPUG,5170,814245,Calidris pugnax,Combattant varié,Ruff,espece,Oiseaux,Charadriiformes,Scolopacidés
LYMMIN,5180,2538,Lymnocryptes minimus,Bécassine sourde,Jack Snipe,espece,Oiseaux,Charadriiformes,Scolopacidés
GALGAL,5190,2543,Gallinago gallinago,Bécassine des marais,Common Snipe,espece,Oiseaux,Charadriiformes,Scolopacidés
GALMED,5200,2549,Gallinago media,Bécassine double,Great Snipe,espece,Oiseaux,Charadriiformes,Scolopacidés
LIMSCO,5270,2554,Limnodromus scolopaceus,Bécassin à long bec,Long-billed Dowitcher,espece,Oiseaux,Charadriiformes,Scolopacidés
SCORUS,5290,2559,Scolopax rusticola,Bécasse des bois,Eurasian Woodcock,espece,Oiseaux,Charadriiformes,Scolopacidés
LIMLIM,5320,2563,Limosa limosa,Barge à queue noire,Black-tailed Godwit,espece,Oiseaux,Charadriiformes,Scolopacidés
LIMLAP,5340,2568,Limosa lapponica,Barge rousse,Bar-tailed Godwit,espece,Oiseaux,Charadriiformes,Scolopacidés
NUMPHA,5380,2571,Numenius phaeopus,Courlis corlieu,Whimbrel,espece,Oiseaux,Charadriiformes,Scolopacidés
NUMTEN,5400,2574,Numenius tenuirostris,Courlis à bec grêle,Slender-billed Curlew,espece,Oiseaux,Charadriiformes,Scolopacidés
NUMARQ,5410,2576,Numenius arquata,Courlis cendré,Eurasian Curlew,espece,Oiseaux,Charadriiformes,Scolopacidés
BARLON,5440,199360,Bartramia longicauda,Bartramie des champs,Upland Sandpiper,espece,Oiseaux,Charadriiformes,Scolopacidés
TRIERY,5450,2584,Tringa erythropus,Chevalier arlequin,Spotted Redshank,espece,Oiseaux,Charadriiformes,Scolopacidés
TRITOT,5460,2586,Tringa totanus,Chevalier gambette,Common Redshank,espece,Oiseaux,Charadriiformes,Scolopacidés
TRITOTTOT,5461,2590,Tringa totanus totanus,Chevalier gambette totanus,Continental Common Redshank,sous-espece,Oiseaux,Charadriiformes,Scolopacidés
TRITOTROB,5462,2589,Tringa totanus robusta,Chevalier gambette robusta,Iceland Common Redshank,sous-espece,Oiseaux,Charadriiformes,Scolopacidés
TRISTA,5470,2591,Tringa stagnatilis,Chevalier stagnatile,Marsh Sandpiper,espece,Oiseaux,Charadriiformes,Scolopacidés
TRINEB,5480,2594,Tringa nebularia,Chevalier aboyeur,Common Greenshank,espece,Oiseaux,Charadriiformes,Scolopacidés
TRIMEL,5500,2597,Tringa melanoleuca,Chevalier criard,Greater Yellowlegs,espece,Oiseaux,Charadriiformes,Scolopacidés
TRIFLA,5510,2600,Tringa flavipes,Chevalier à pattes jaunes,Lesser Yellowlegs,espece,Oiseaux,Charadriiformes,Scolopacidés
TRISOL,5520,2605,Tringa solitaria,Chevalier solitaire,Solitary Sandpiper,espece,Oiseaux,Charadriiformes,Scolopacidés
TRIOCH,5530,2603,Tringa ochropus,Chevalier culblanc,Green Sandpiper,espece,Oiseaux,Charadriiformes,Scolopacidés
TRIGLA,5540,2607,Tringa glareola,Chevalier sylvain,Wood Sandpiper,espece,Oiseaux,Charadriiformes,Scolopacidés
TRICIN,5550,2610,Xenus cinereus,Chevalier bargette,Terek Sandpiper,espece,Oiseaux,Charadriiformes,Scolopacidés
XENCIN,5550,2610,Xenus cinereus,Chevalier bargette,Terek Sandpiper,espece,Oiseaux,Charadriiformes,Scolopacidés
ACTHYP,5560,2616,Actitis hypoleucos,Chevalier guignette,Common Sandpiper,espece,Oiseaux,Charadriiformes,Scolopacidés
ACTMAC,5570,459460,Actitis macularius,Chevalier grivelé,Spotted Sandpiper,espece,Oiseaux,Charadriiformes,Scolopacidés
CATSEM,5600,626151,Tringa semipalmata,Chevalier semipalmé,Willet,espece,Oiseaux,Charadriiformes,Scolopacidés
AREINT,5610,3239,Arenaria interpres,Tournepierre à collier,Ruddy Turnstone,espece,Oiseaux,Charadriiformes,Scolopacidés
PHATRI,5630,3247,Phalaropus tricolor,Phalarope de Wilson,Wilson's Phalarope,espece,Oiseaux,Charadriiformes,Scolopacidés
PHALOB,5640,3243,Phalaropus lobatus,Phalarope à bec étroit,Red-necked Phalarope,espece,Oiseaux,Charadriiformes,Scolopacidés
PHAFUL,5650,3250,Phalaropus fulicarius,Phalarope à bec large,Red Phalarope,espece,Oiseaux,Charadriiformes,Scolopacidés
STEPOM,5660,3255,Stercorarius pomarinus,Labbe pomarin,Pomarine Jaeger,espece,Oiseaux,Charadriiformes,Stercorariidés
STECUS,5670,3258,Stercorarius parasiticus,Labbe parasite,Parasitic Jaeger,espece,Oiseaux,Charadriiformes,Stercorariidés
STELON,5680,3261,Stercorarius longicaudus,Labbe à longue queue,Long-tailed Jaeger,espece,Oiseaux,Charadriiformes,Stercorariidés
STESKU,5690,3263,Stercorarius skua,Grand Labbe,Great Skua,espece,Oiseaux,Charadriiformes,Stercorariidés
LARMEL,5750,627745,Ichthyaetus melanocephalus,Mouette mélanocéphale,Mediterranean Gull,espece,Oiseaux,Charadriiformes,Laridés
LARATR,5760,627332,Leucophaeus atricilla,Mouette atricille,Laughing Gull,espece,Oiseaux,Charadriiformes,Laridés
LARPIP,5770,627334,Leucophaeus pipixcan,Mouette de Franklin,Franklin's Gull,espece,Oiseaux,Charadriiformes,Laridés
LARMIN,5780,534748,Hydrocoloeus minutus,Mouette pygmée,Little Gull,espece,Oiseaux,Charadriiformes,Laridés
LARSAB,5790,364251,Xema sabini,Mouette de Sabine,Sabine's Gull,espece,Oiseaux,Charadriiformes,Laridés
LARPHI,5810,534682,Chroicocephalus philadelphia,Mouette de Bonaparte,Bonaparte's Gull,espece,Oiseaux,Charadriiformes,Laridés
LARRID,5820,530157,Chroicocephalus ridibundus,Mouette rieuse,Black-headed Gull,espece,Oiseaux,Charadriiformes,Laridés
LARGEN,5850,534662,Chroicocephalus genei,Goéland railleur,Slender-billed Gull,espece,Oiseaux,Charadriiformes,Laridés
LARAUD,5880,627743,Ichthyaetus audouinii,Goéland d'Audouin,Audouin's Gull,espece,Oiseaux,Charadriiformes,Laridés
LARDEL,5890,3278,Larus delawarensis,Goéland à bec cerclé,Ring-billed Gull,espece,Oiseaux,Charadriiformes,Laridés
LARCAN,5900,3293,Larus canus,Goéland cendré,Mew Gull,espece,Oiseaux,Charadriiformes,Laridés
LARFUS,5910,3297,Larus fuscus,Goéland brun,Lesser Black-backed Gull,espece,Oiseaux,Charadriiformes,Laridés
LARFUSFUS,5911,3299,Larus fuscus fuscus,Goéland brun des Pays Baltes,Lesser Black-backed Gull (fuscus),sous-espece,Oiseaux,Charadriiformes,Laridés
LARFUSGRA,5912,3300,Larus fuscus graellsii,Goéland brun d'Europe de l'Ouest,Lesser Black-backed Gull (graellsii),sous-espece,Oiseaux,Charadriiformes,Laridés
LARARG,5920,3302,Larus argentatus,Goéland argenté,European Herring Gull,espece,Oiseaux,Charadriiformes,Laridés
LARARGARG,5920,,Larus argentatus argentatus,Goéland argenté,Scandinavian European Herring Gull,sous-espece,Oiseaux,Charadriiformes,Laridés
LARHEU,5922,,Larus heuglini,Goéland de Sibérie,Siberian Gull,espece,Oiseaux,Charadriiformes,Laridés
LARMIC,5926,199374,Larus michahellis,Goéland leucophée,Yellow-legged Gull,espece,Oiseaux,Charadriiformes,Laridés
LARCAC,5927,3289,Larus cachinnans,Goéland pontique,Caspian Gull,espece,Oiseaux,Charadriiformes,Laridés
LARGLA,5980,3307,Larus glaucoides,Goéland à ailes blanches,Iceland Gull,espece,Oiseaux,Charadriiformes,Laridés
LARHYP,5990,3309,Larus hyperboreus,Goéland bourgmestre,Glaucous Gull,espece,Oiseaux,Charadriiformes,Laridés
LARMAR,6000,3311,Larus marinus,Goéland marin,Great Black-backed Gull,espece,Oiseaux,Charadriiformes,Laridés
RHOROS,6010,3314,Rhodostethia rosea,Mouette de Ross,Ross's Gull,espece,Oiseaux,Charadriiformes,Laridés
RISTRI,6020,3318,Rissa tridactyla,Mouette tridactyle,Black-legged Kittiwake,espece,Oiseaux,Charadriiformes,Laridés
PAGEBU,6040,3322,Pagophila eburnea,Mouette ivoire,Ivory Gull,espece,Oiseaux,Charadriiformes,Laridés
GELNIL,6050,3332,Gelochelidon nilotica,Sterne hansel,Gull-billed Tern,espece,Oiseaux,Charadriiformes,Sternidés
STECAS,6060,3336,Hydroprogne caspia,Sterne caspienne,Caspian Tern,espece,Oiseaux,Charadriiformes,Sternidés
STEMAX,6070,528761,Thalasseus maximus,Sterne royale,Royal Tern,espece,Oiseaux,Sternidés,Sternidés
STEBEN,6090,3359,Thalasseus bengalensis,Sterne voyageuse,Lesser Crested Tern,espece,Oiseaux,Charadriiformes,Sternidés
STESAN,6110,3362,Thalasseus sandvicensis,Sterne caugek,Sandwich Tern,espece,Oiseaux,Charadriiformes,Sternidés
STEELE,6120,3356,Thalasseus elegans,Sterne élégante,Elegant Tern,espece,Oiseaux,Charadriiformes,Sternidés
STEDOU,6140,3364,Sterna dougallii,Sterne de Dougall,Roseate Tern,espece,Oiseaux,Charadriiformes,Sternidés
STEHIR,6150,3343,Sterna hirundo,Sterne pierregarin,Common Tern,espece,Oiseaux,Charadriiformes,Sternidés
STEPAR,6160,3345,Sterna paradisaea,Sterne arctique,Arctic Tern,espece,Oiseaux,Charadriiformes,Sternidés
STEANA,6220,532691,Onychoprion anaethetus,Sterne bridée,Bridled Tern,espece,Oiseaux,Charadriiformes,Sternidés
STEFUS,6230,528760,Onychoprion fuscatus,Sterne fuligineuse,Sooty Tern,espece,Oiseaux,Charadriiformes,Sternidés
STEALB,6240,3352,Sternula albifrons,Sterne naine,Little Tern,espece,Oiseaux,Charadriiformes,Sternidés
CHLHYB,6260,459627,Chlidonias hybrida,Guifette moustac,Whiskered Tern,espece,Oiseaux,Charadriiformes,Sternidés
CHLNIG,6270,3371,Chlidonias niger,Guifette noire,Black Tern,espece,Oiseaux,Charadriiformes,Sternidés
CHLLEU,6280,3374,Chlidonias leucopterus,Guifette leucoptère,White-winged Tern,espece,Oiseaux,Charadriiformes,Sternidés
URIAAL,6340,3379,Uria aalge,Guillemot de Troïl,Common Murre,espece,Oiseaux,Charadriiformes,Alcidés
URILOM,6350,3382,Uria lomvia,Guillemot de Brünnich,Thick-billed Murre,espece,Oiseaux,Charadriiformes,Alcidés
ALCTOR,6360,3388,Alca torda,Pingouin torda,Razorbill,espece,Oiseaux,Charadriiformes,Alcidés
CEPGRY,6380,3392,Cepphus grylle,Guillemot à miroir,Black Guillemot,espece,Oiseaux,Charadriiformes,Alcidés
ALLALL,6470,3396,Alle alle,Mergule nain,Dovekie,espece,Oiseaux,Charadriiformes,Alcidés
FRAARC,6540,3402,Fratercula arctica,Macareux moine,Atlantic Puffin,espece,Oiseaux,Charadriiformes,Alcidés
PTEORI,6610,,Pterocles orientalis,Ganga unibande,Black-bellied Sandgrouse,espece,Oiseaux,Ptéroclididés,Ptéroclididés
PTEALC,6620,3408,Pterocles alchata,Ganga cata,Pin-tailed Sandgrouse,espece,Oiseaux,Ptéroclididés,Ptéroclididés
SYRPAR,6630,3415,Syrrhaptes paradoxus,Syrrhapte paradoxal,Pallas's Sandgrouse,espece,Oiseaux,Ptéroclididés,Ptéroclididés
COLLIV,6650,3420,Columba livia,Pigeon biset,Rock Pigeon,espece,Oiseaux,Columbiformes,Columbidés
COLOEN,6680,3422,Columba oenas,Pigeon colombin,Stock Dove,espece,Oiseaux,Columbiformes,Columbidés
COLPAL,6700,3424,Columba palumbus,Pigeon ramier,Common Wood-Pigeon,espece,Oiseaux,Columbiformes,Columbidés
STRROS,6830,3432,Streptopelia roseogrisea,Tourterelle rieuse,African Collared-Dove,espece,Oiseaux,Columbiformes,Columbidae
STRDEC,6840,3429,Streptopelia decaocto,Tourterelle turque,Eurasian Collared-Dove,espece,Oiseaux,Columbiformes,Columbidés
STRTUR,6870,3439,Streptopelia turtur,Tourterelle des bois,European Turtle-Dove,espece,Oiseaux,Columbiformes,Columbidés
STRORI,6890,3442,Streptopelia orientalis,Tourterelle orientale,Oriental Turtle-Dove,espece,Oiseaux,Columbiformes,Columbidés
STRSEN,6900,3435,Streptopelia senegalensis,Tourterelle maillée,Laughing Dove,espece,Oiseaux,Columbiformes,Columbidés
PSIKRA,7120,3448,Psittacula krameri,Perruche à collier,Rose-ringed Parakeet,espece,Oiseaux,Psittaciformes,Psittacidés
CLAGLA,7160,3461,Clamator glandarius,Coucou geai,Great Spotted Cuckoo,espece,Oiseaux,Cuculiformes,Cuculidés
CUCCAN,7240,3465,Cuculus canorus,Coucou gris,Common Cuckoo,espece,Oiseaux,Cuculiformes,Cuculidés
COCAME,7280,3476,Coccyzus americanus,Coulicou à bec jaune,Yellow-billed Cuckoo,espece,Oiseaux,Cuculiformes,Cuculidés
TYTALB,7350,3482,Tyto alba,Effraie des clochers,Barn Owl,espece,Oiseaux,Strigiformes,Tytonidés
OTUSCO,7390,3489,Otus scops,Petit-duc scops,European Scops-Owl,espece,Oiseaux,Strigiformes,Strigidés
BUBBUB,7440,3493,Bubo bubo,Grand-duc d'Europe,Eurasian Eagle-Owl,espece,Oiseaux,Strigiformes,Strigidés
NYCSCA,7490,199395,Bubo scandiaca,Harfang des neiges,Snowy Owl,espece,Oiseaux,Strigiformes,Strigidés
SURULU,7500,3503,Surnia ulula,Chouette épervière,Northern Hawk Owl,espece,Oiseaux,Strigiformes,Strigidés
GLAPAS,7510,3507,Glaucidium passerinum,Chevêchette d'Europe,Eurasian Pygmy-Owl,espece,Oiseaux,Strigiformes,Strigidés
ATHNOC,7570,3511,Athene noctua,Chevêche d'Athéna,Little Owl,espece,Oiseaux,Strigiformes,Strigidés
STRALU,7610,3518,Strix aluco,Chouette hulotte,Tawny Owl,espece,Oiseaux,Strigiformes,Strigidés
STRURA,7650,,Strix uralensis,Chouette de l'Oural,Ural Owl,espece,Oiseaux,Strigiformes,Strigidés
STRNEB,7660,,Strix nebulosa,Chouette lapone,Great Gray Owl,espece,Oiseaux,Strigiformes,Strigidés
ASIOTU,7670,3522,Asio otus,Hibou moyen-duc,Long-eared Owl,espece,Oiseaux,Strigiformes,Strigidés
ASIFLA,7680,3525,Asio flammeus,Hibou des marais,Short-eared Owl,espece,Oiseaux,Strigiformes,Strigidés
AEGFUN,7700,3533,Aegolius funereus,Chouette de Tengmalm,Boreal Owl,espece,Oiseaux,Strigiformes,Strigidés
CAPEUR,7780,3540,Caprimulgus europaeus,Engoulevent d'Europe,Eurasian Nightjar,espece,Oiseaux,Caprimulgiformes,Caprimulgidés
CAPRUF,7790,3544,Caprimulgus ruficollis,Engoulevent à collier roux,Red-necked Nightjar,espece,Oiseaux,Caprimulgiformes,Caprimulgidés
APUAPU,7950,3551,Apus apus,Martinet noir,Common Swift,espece,Oiseaux,Apodiformes,Apodidés
APUPAL,7960,3555,Apus pallidus,Martinet pâle,Pallid Swift,espece,Oiseaux,Apodiformes,Apodidés
APUMEL,7980,3558,Apus melba,Martinet à ventre blanc,Alpine Swift,espece,Oiseaux,Apodiformes,Apodidés
APUCAF,7990,,Apus caffer,Martinet cafre,White-rumped Swift,espece,Oiseaux,Apodiformes,Apodidés
ALCATT,8310,3571,Alcedo atthis,Martin-pêcheur d'Europe,Common Kingfisher,espece,Oiseaux,Coraciiformes,Alcédinidés
MERPER,8393,3578,Merops persicus,Guêpier de Perse,Blue-cheeked Bee-eater,espece,Oiseaux,Coraciiformes,Méropidés
MERAPI,8400,3582,Merops apiaster,Guêpier d'Europe,European Bee-eater,espece,Oiseaux,Coraciiformes,Méropidés
CORGAR,8410,3586,Coracias garrulus,Rollier d'Europe,European Roller,espece,Oiseaux,Coraciiformes,Coraciidés
UPUEPO,8460,3590,Upupa epops,Huppe fasciée,Eurasian Hoopoe,espece,Oiseaux,Coraciiformes,Upupidés
JYNTOR,8480,3595,Jynx torquilla,Torcol fourmilier,Eurasian Wryneck,espece,Oiseaux,Piciformes,Picidés
PICCAN,8550,3601,Picus canus,Pic cendré,Gray-headed Woodpecker,espece,Oiseaux,Piciformes,Picidés
PICVIR,8560,3603,Picus viridis,Pic vert,Eurasian Green Woodpecker,espece,Oiseaux,Piciformes,Picidés
DRYMAR,8630,3608,Dryocopus martius,Pic noir,Black Woodpecker,espece,Oiseaux,Piciformes,Picidés
DENMAJ,8760,3611,Dendrocopos major,Pic épeiche,Great Spotted Woodpecker,espece,Oiseaux,Piciformes,Picidés
DENSYR,8780,,Dendrocopos syriacus,Pic syriaque,Syrian Woodpecker,espece,Oiseaux,Piciformes,Picidés
DENMED,8830,3619,Dendrocopos medius,Pic mar,Middle Spotted Woodpecker,espece,Oiseaux,Piciformes,Picidés
DENLEU,8840,3625,Dendrocopos leucotos,Pic à dos blanc,White-backed Woodpecker,espece,Oiseaux,Piciformes,Picidés
DENMIN,8870,3630,Dendrocopos minor,Pic épeichette,Lesser Spotted Woodpecker,espece,Oiseaux,Piciformes,Picidés
PICTRI,8980,3638,Picoides tridactylus,Pic tridactyle,Eurasian Three-toed Woodpecker,espece,Oiseaux,Piciformes,Picidés
CHEDUP,9590,3666,Chersophilus duponti,Sirli de Dupont,Dupont's Lark,espece,Oiseaux,Passériformes,Alaudidés
MELCAL,9610,3644,Melanocorypha calandra,Alouette calandre,Calandra Lark,espece,Oiseaux,Passériformes,Alaudidés
CALBRA,9680,3649,Calandrella brachydactyla,Alouette calandrelle,Greater Short-toed Lark,espece,Oiseaux,Passériformes,Alaudidés
CALRUF,9700,199485,Calandrella rufescens,Alouette pispolette,Lesser Short-toed Lark,espece,Oiseaux,Passériformes,Alaudidés
GALCRI,9720,3656,Galerida cristata,Cochevis huppé,Crested Lark,espece,Oiseaux,Passériformes,Alaudidés
GALTHE,9730,3661,Galerida theklae,Cochevis de Thékla,Thekla Lark,espece,Oiseaux,Passériformes,Alaudidés
LULARB,9740,3670,Lullula arborea,Alouette lulu,Wood Lark,espece,Oiseaux,Passériformes,Alaudidés
ALAARV,9760,3676,Alauda arvensis,Alouette des champs,Eurasian Skylark,espece,Oiseaux,Passériformes,Alaudidés
EREALP,9780,3681,Eremophila alpestris,Alouette hausse-col,Horned Lark,espece,Oiseaux,Passériformes,Alaudidés
RIPRIP,9810,3688,Riparia riparia,Hirondelle de rivage,Bank Swallow,espece,Oiseaux,Passériformes,Hirundinidés
PTYRUP,9910,3692,Ptyonoprogne rupestris,Hirondelle de rochers,Eurasian Crag-Martin,espece,Oiseaux,Passériformes,Hirundinidés
HIRRUS,9920,3696,Hirundo rustica,Hirondelle rustique,Barn Swallow,espece,Oiseaux,Passériformes,Hirundinidés
HIRDAU,9950,3701,Cecropis daurica,Hirondelle rousseline,Red-rumped Swallow,espece,Oiseaux,Passériformes,Hirundinidés
DELURB,10010,459478,Delichon urbicum,Hirondelle de fenêtre,Common House-Martin,espece,Oiseaux,Passériformes,Hirundinidés
ANTRIC,10020,3709,Anthus richardi,Pipit de Richard,Richard's Pipit,espece,Oiseaux,Passériformes,Motacillidés
ANTCAM,10050,3713,Anthus campestris,Pipit rousseline,Tawny Pipit,espece,Oiseaux,Passériformes,Motacillidés
ANTHOD,10080,3736,Anthus hodgsoni,Pipit à dos olive,Olive-backed Pipit,espece,Oiseaux,Passériformes,Motacillidés
ANTTRI,10090,3723,Anthus trivialis,Pipit des arbres,Tree Pipit,espece,Oiseaux,Passériformes,Motacillidés
ANTGUS,10100,3738,Anthus gustavi,Pipit de la Petchora,Pechora Pipit,espece,Oiseaux,Passériformes,Motacillidés
ANTPRA,10110,3726,Anthus pratensis,Pipit farlouse,Meadow Pipit,espece,Oiseaux,Passériformes,Motacillidés
ANTCER,10120,3729,Anthus cervinus,Pipit à gorge rousse,Red-throated Pipit,espece,Oiseaux,Passériformes,Motacillidés
ANTSPI,10140,3733,Anthus spinoletta,Pipit spioncelle,Water Pipit,espece,Oiseaux,Passériformes,Motacillidés
ANTSPISPI,10140,162665,Anthus spinoletta spinoletta,Pipit spioncelle,Water Pipit,sous-espece,Oiseaux,Passériformes,Motacillidés
ANTPET,10142,3716,Anthus petrosus,Pipit maritime,Rock Pipit,espece,Oiseaux,Passériformes,Motacillidés
ANTPETLIT,10143,3719,Anthus petrosus littoralis,Pipit maritime nordique,Eastern Rock Pipit,sous-espece,Oiseaux,Passériformes,Motacillidés
MOTFLA,10170,3741,Motacilla flava,Bergeronnette printanière,Western Yellow Wagtail,espece,Oiseaux,Passériformes,Motacillidés
MOTFLAFLA,10171,3744,Motacilla flava flava,Bergeronnette printanière,Western Yellow Wagtail (flava),sous-espece,Oiseaux,Passériformes,Motacillidés
MOTIMA,10172,3745,Motacilla flava flavissima,Bergeronnette flavéole,Western Yellow Wagtail (flavissima),sous-espece,Oiseaux,Passériformes,Motacillidés
MOTFLATHU,10173,3751,Motacilla flava thunbergi,Bergeronnette printanière nordique,Grey-headed Wagtail,sous-espece,Oiseaux,Passériformes,Motacillidés
MOTFLAFEL,10174,3752,Motacilla flava feldegg,Bergeronnette des Balkans,Yellow Wagtail,sous-espece,Oiseaux,Passériformes,Motacillidés
MOTFLACIN,10175,3748,Motacilla flava cinereocapilla,Bergeronntte printanière cinereocapilla,Western Yellow Wagtail (cinereocapilla),sous-espece,Oiseaux,Passériformes,Motacillidés
MOTFLAIBE,10176,3747,Motacilla flava iberiae,Bergeronntte ibérique,Western Yellow Wagtail (Spanish),sous-espece,Oiseaux,Passériformes,Motacillidés
MOTCIT,10180,3948,Motacilla citreola,Bergeronnette citrine,Citrine Wagtail,espece,Oiseaux,Passériformes,Motacillidés
MOTCIN,10190,3755,Motacilla cinerea,Bergeronnette des ruisseaux,Gray Wagtail,espece,Oiseaux,Passériformes,Motacillidés
MOTALB,10200,3941,Motacilla alba,Bergeronnette grise,White Wagtail,espece,Oiseaux,Passériformes,Motacillidés
MOTALBALB,10201,3943,Motacilla alba alba,Bergeronnette grise,White Wagtail,sous-espece,Oiseaux,Passériformes,Motacillidés
MOTALBYAR,10202,3945,Motacilla alba yarrellii,Bergeronnette de Yarrell,Pied Wagtail,sous-espece,Oiseaux,Passériformes,Motacillidés
BOMGAR,10480,3953,Bombycilla garrulus,Jaseur boréal,Bohemian Waxwing,espece,Oiseaux,Passériformes,Bombycillidés
CINCIN,10500,3958,Cinclus cinclus,Cincle plongeur,White-throated Dipper,espece,Oiseaux,Passériformes,Cinclidés
TROTRO,10660,3967,Troglodytes troglodytes,Troglodyte mignon,Eurasian Wren,espece,Oiseaux,Passériformes,Troglodytidés
PRUMOD,10840,3978,Prunella modularis,Accenteur mouchet,Dunnock,espece,Oiseaux,Passériformes,Prunellidés
PRUCOL,10940,3984,Prunella collaris,Accenteur alpin,Alpine Accentor,espece,Oiseaux,Passériformes,Prunellidés
CERGAL,10950,3996,Cercotrichas galactotes,Agrobate roux,Rufous-tailed Scrub-Robin,espece,Oiseaux,Passériformes,Turdidés
ERIRUB,10990,4001,Erithacus rubecula,Rougegorge familier,European Robin,espece,Oiseaux,Passériformes,Turdidés
LUSLUS,11030,4010,Luscinia luscinia,Rossignol progné,Thrush Nightingale,espece,Oiseaux,Passériformes,Turdidés
LUSMEG,11040,4013,Luscinia megarhynchos,Rossignol philomèle,Common Nightingale,espece,Oiseaux,Passériformes,Turdidés
LUSSVE,11060,4023,Luscinia svecica,Gorgebleue à miroir,Bluethroat,espece,Oiseaux,Passériformes,Turdidés
LUSSVESVE,11061,4026,Luscinia svecica svecica,Gorgebleue à miroir svecica,Northern Bluethroat,sous-espece,Oiseaux,Passériformes,Turdidés
LUSSVECYA,11062,4027,Luscinia svecica cyanecula,Gorgebleue à miroir cyanecula,White-spotted Bluethroat,sous-espece,Oiseaux,Passériformes,Turdidés
LUSSVENAM,11063,4028,Luscinia svecica namnetum,Gorgebleue à miroir namnetum,Bluethroat (namnetum),sous-espece,Oiseaux,Passériformes,Turdidés
TARCYA,11130,4030,Tarsiger cyanurus,Robin à flancs roux,Red-flanked Bluetail,espece,Oiseaux,Passériformes,Turdidés
PHOOCH,11210,4035,Phoenicurus ochruros,Rougequeue noir,Black Redstart,espece,Oiseaux,Passériformes,Turdidés
PHOPHO,11220,4040,Phoenicurus phoenicurus,Rougequeue à front blanc,Common Redstart,espece,Oiseaux,Passériformes,Turdidés
PHOMOU,11270,,Phoenicurus moussieri,Rougequeue de Moussier,Moussier's Redstart,espece,Oiseaux,Passériformes,Turdidés
SAXRUB,11370,4049,Saxicola rubetra,Tarier des prés,Whinchat,espece,Oiseaux,Passériformes,Turdidés
SAXTOR,11390,199425,Saxicola rubicola,Tarier pâtre,European Stonechat,espece,Oiseaux,Passériformes,Turdidés
SAXTORMAU,11394,458695,Saxicola torquata maura,Tarier pâtre sibérien,Siberian stonechat,sous-espece,Oiseaux,Passériformes,Turdidés
OENISA,11440,4062,Oenanthe isabellina,Traquet isabelle,Isabelline Wheatear,espece,Oiseaux,Passériformes,Turdidés
OENOEN,11460,4064,Oenanthe oenanthe,Traquet motteux,Northern Wheatear,espece,Oiseaux,Passériformes,Turdidés
OENOENOEN,11461,4067,Oenanthe oenanthe oenanthe,Traquet motteux,Northern Wheatear,sous-espece,Oiseaux,Passériformes,Turdidés
OENOENLEU,11462,4068,Oenanthe oenanthe leucorhoa,Traquet motteux groenlandais,Greenland Northern Wheatear,sous-espece,Oiseaux,Passériformes,Turdidés
OENPLE,11470,4070,Oenanthe pleschanka,Traquet pie,Pied Wheatear,espece,Oiseaux,Passériformes,Turdidés
OENHIS,11480,4074,Oenanthe hispanica,Traquet oreillard,Black-eared Wheatear,espece,Oiseaux,Passériformes,Turdidés
OENDES,11490,199428,Oenanthe deserti,Traquet du désert,Desert Wheatear,espece,Oiseaux,Passériformes,Turdidés
OENLEU,11580,4080,Oenanthe leucura,Traquet rieur,Black Wheatear,espece,Oiseaux,Passériformes,Turdidés
MONSAX,11620,4084,Monticola saxatilis,Monticole de roche,Rufous-tailed Rock-Thrush,espece,Oiseaux,Passériformes,Turdidés
MONSOL,11660,4087,Monticola solitarius,Monticole bleu,Blue Rock-Thrush,espece,Oiseaux,Passériformes,Turdidés
ZOODAU,11700,4091,Zoothera dauma,Grive dorée,Scaly Thrush,espece,Oiseaux,Passériformes,Turdidés
ZOOSIB,11710,4095,Zoothera sibirica,Grive de Sibérie,Siberian Thrush,espece,Oiseaux,Passériformes,Turdidés
CATUST,11770,4100,Catharus ustulatus,Grive à dos olive,Swainson's Thrush,espece,Oiseaux,Passériformes,Turdidés
CATMIN,11780,4106,Catharus minimus,Grive à joues grises,Gray-cheeked Thrush,espece,Oiseaux,Passériformes,Turdidés
TURTOR,11860,4112,Turdus torquatus,Merle à plastron,Ring Ouzel,espece,Oiseaux,Passériformes,Turdidés
TURTORALP,11862,4114,Turdus torquatus alpestris,Merle à plastron alpin,Alpine Ring Ouezl,sous-espece,Oiseaux,Passériformes,Turdidés
TURMER,11870,4117,Turdus merula,Merle noir,Eurasian Blackbird,espece,Oiseaux,Passériformes,Turdidés
TUROBS,11950,4119,Turdus obscurus,Grive obscure,Eyebrowed Thrush,espece,Oiseaux,Passériformes,Turdidés
TURNAU,11960,4123,Turdus naumanni,Grive de Naumann,Naumann's Thrush,espece,Oiseaux,Passériformes,Turdidés
TURRUF,11970,4121,Turdus ruficollis,Grive à gorge noire ou rousse,Red-throated Thrush,espece,Oiseaux,Passériformes,Turdidés
TURRUFRUF,11971,,Turdus ruficollis ruficollis,Grive à gorge rousse,Red-throated Thrush,sous-espece,Oiseaux,Passériformes,Turdidés
TURRUFATR,11972,4136,Turdus ruficollis atrogularis,Grive à gorge noire,Black-throated Thrush,sous-espece,Oiseaux,Passériformes,Turdidés
TURPIL,11980,4127,Turdus pilaris,Grive litorne,Fieldfare,espece,Oiseaux,Passériformes,Turdidés
TURPHI,12000,4129,Turdus philomelos,Grive musicienne,Song Thrush,espece,Oiseaux,Passériformes,Turdidés
TURILI,12010,4137,Turdus iliacus,Grive mauvis,Redwing,espece,Oiseaux,Passériformes,Turdidés
TURVIS,12020,4142,Turdus viscivorus,Grive draine,Mistle Thrush,espece,Oiseaux,Passériformes,Turdidés
GRIVES,12069,198744,Turdus,Grive sp,,generique,Oiseaux,Passériformes,Turdidés
TURDUS,,,Turdus ,Turdidé,,generique,Oiseaux,Passériformes,Turdidés
CETCET,12200,4151,Cettia cetti,Bouscarle de Cetti,Cetti's Warbler,espece,Oiseaux,Passériformes,Sylvidés
CISJUN,12260,4155,Cisticola juncidis,Cisticole des joncs,Zitting Cisticola,espece,Oiseaux,Passériformes,Sylvidés
LOCCER,12330,4161,Locustella certhiola,Locustelle de Pallas,Pallas's Grasshopper-Warbler,espece,Oiseaux,Passériformes,Sylvidés
LOCLAN,12350,199458,Locustella lanceolata,Locustelle lancéolée,Lanceolated Warbler,espece,Oiseaux,Passériformes,Sylvidés
LOCNAE,12360,4167,Locustella naevia,Locustelle tachetée,Common Grasshopper-Warbler,espece,Oiseaux,Passériformes,Sylvidés
LOCFLU,12370,4170,Locustella fluviatilis,Locustelle fluviatile,Eurasian River Warbler,espece,Oiseaux,Passériformes,Sylvidés
LOCLUS,12380,4172,Locustella luscinioides,Locustelle luscinioïde,Savi's Warbler,espece,Oiseaux,Passériformes,Sylvidés
LOCFAS,12390,4175,Locustella fasciolata,Locustelle fasciée,Gray's Grasshopper-Warbler,espece,Oiseaux,Passériformes,Sylvidés
ACRMEL,12410,4180,Acrocephalus melanopogon,Lusciniole à moustaches,Moustached Warbler,espece,Oiseaux,Passériformes,Sylvidés
ACRPAL,12420,4184,Acrocephalus paludicola,Phragmite aquatique,Aquatic Warbler,espece,Oiseaux,Passériformes,Sylvidés
ACRSCH,12430,4187,Acrocephalus schoenobaenus,Phragmite des joncs,Sedge Warbler,espece,Oiseaux,Passériformes,Sylvidés
ACRAGR,12470,199459,Acrocephalus agricola,Rousserolle isabelle,Paddyfield Warbler,espece,Oiseaux,Passériformes,Sylvidés
ACRDUM,12480,4190,Acrocephalus dumetorum,Rousserolle des buissons,Blyth's Reed-Warbler,espece,Oiseaux,Passériformes,Sylvidés
ACRRIS,12500,4192,Acrocephalus palustris,Rousserolle verderolle,Marsh Warbler,espece,Oiseaux,Passériformes,Sylvidés
ACRSCI,12510,4195,Acrocephalus scirpaceus,Rousserolle effarvatte,Eurasian Reed-Warbler,espece,Oiseaux,Passériformes,Sylvidés
ACRARU,12530,4198,Acrocephalus arundinaceus,Rousserolle turdoïde,Great Reed-Warbler,espece,Oiseaux,Passériformes,Sylvidés
HIPPAL,12550,199463,Iduna pallida,Hypolaïs pâle,Eastern Olivaceous Warbler,espece,Oiseaux,Passériformes,Sylvidés
HIPCAL,12560,199465,Iduna caligata,Hypolaïs bottée,Booted Warbler,espece,Oiseaux,Passériformes,Sylvidés
HIPOLI,12580,,Hippolais olivetorum,Hypolaïs des oliviers,Olive-tree Warbler,espece,Oiseaux,Passériformes,Sylvidés
HIPICT,12590,4212,Hippolais icterina,Hypolaïs ictérine,Icterine Warbler,espece,Oiseaux,Passériformes,Sylvidés
HIPPOL,12600,4215,Hippolais polyglotta,Hypolaïs polyglotte,Melodious Warbler,espece,Oiseaux,Passériformes,Sylvidés
SYLSAR,12610,4219,Sylvia sarda,Fauvette sarde,Marmora's Warbler,espece,Oiseaux,Passériformes,Sylvidés
SYLUND,12620,4221,Sylvia undata,Fauvette pitchou,Dartford Warbler,espece,Oiseaux,Passériformes,Sylvidés
SYLCON,12640,4227,Sylvia conspicillata,Fauvette à lunettes,Spectacled Warbler,espece,Oiseaux,Passériformes,Sylvidés
SYLCAN,12650,4229,Sylvia cantillans,Fauvette passerinette,Subalpine Warbler,espece,Oiseaux,Passériformes,Sylvidés
SYLMEL,12670,4232,Sylvia melanocephala,Fauvette mélanocéphale,Sardinian Warbler,espece,Oiseaux,Passériformes,Sylvidés
SYLRUE,12690,199469,Sylvia rueppelli,Fauvette de Rüppell,Rüppell's Warbler,espece,Oiseaux,Passériformes,Sylvidés
SYLHOR,12720,4242,Sylvia hortensis,Fauvette orphée,Western Orphean Warbler,espece,Oiseaux,Passériformes,Sylvidés
SYLNIS,12730,4245,Sylvia nisoria,Fauvette épervière,Barred Warbler,espece,Oiseaux,Passériformes,Sylvidés
SYLCUR,12740,4247,Sylvia curruca,Fauvette babillarde,Lesser Whitethroat,espece,Oiseaux,Passériformes,Sylvidés
SYLCOM,12750,4252,Sylvia communis,Fauvette grisette,Greater Whitethroat,espece,Oiseaux,Passériformes,Sylvidés
SYLBOR,12760,4254,Sylvia borin,Fauvette des jardins,Garden Warbler,espece,Oiseaux,Passériformes,Sylvidés
SYLATR,12770,4257,Sylvia atricapilla,Fauvette à tête noire,Eurasian Blackcap,espece,Oiseaux,Passériformes,Sylvidés
PHYDES,12930,4275,Phylloscopus trochiloides,Pouillot verdâtre,Greenish Warbler,espece,Oiseaux,Passériformes,Sylvidés
PHYBOR,12950,4264,Phylloscopus borealis,Pouillot boréal,Arctic Warbler,espece,Oiseaux,Passériformes,Sylvidés
PHYPRO,12980,4267,Phylloscopus proregulus,Pouillot de Pallas,Pallas's Leaf Warbler,espece,Oiseaux,Passériformes,Sylvidés
PHYINO,13000,4297,Phylloscopus inornatus,Pouillot à grands sourcils,Yellow-browed Warbler,espece,Oiseaux,Passériformes,Sylvidés
PHYSCH,13010,4300,Phylloscopus schwarzi,Pouillot de Schwarz,Radde's Warbler,espece,Oiseaux,Passériformes,Sylvidés
PHYFUS,13030,4304,Phylloscopus fuscatus,Pouillot brun,Dusky Warbler,espece,Oiseaux,Passériformes,Sylvidés
PHYBON,13070,4269,Phylloscopus bonelli,Pouillot de Bonelli,Western Bonelli's Warbler,espece,Oiseaux,Passériformes,Sylvidés
PHYSIB,13080,4272,Phylloscopus sibilatrix,Pouillot siffleur,Wood Warbler,espece,Oiseaux,Passériformes,Sylvidés
PHYCOL,13110,4280,Phylloscopus collybita,Pouillot véloce,Common Chiffchaff,espece,Oiseaux,Passériformes,Sylvidés
PHYCOLCOL,13111,,Phylloscopus collybita collybita,Pouillot véloce européen,Common Chiffchaff,sous-espece,Oiseaux,Passeriformes,Sylvidés
PHYCOLTRI,13113,4288,Phylloscopus collybita tristis,Pouillot véloce de Sibérie,Siberian Chiffchaff,sous-espece,Oiseaux,Passériformes,Sylvidés
PHYCOLABI,13114,4287,Phylloscopus collybita abietinus,Pouillot véloce de Scandinavie,Scandinavian Common Chiffchaff,sous-espece,Oiseaux,Passériformes,Sylvidés
PHYCOLBRE,13116,4283,Phylloscopus collybita brehmii,Pouillot véloce ibérique,Iberian Chiffchaff,sous-espece,Oiseaux,Passériformes,Sylvidés
PHYTRO,13120,4289,Phylloscopus trochilus,Pouillot fitis,Willow Warbler,espece,Oiseaux,Passériformes,Sylvidés
PHYTROACR,13122,4294,Phylloscopus trochilus acredula,Pouillot fitis du nord-est,Northern Willow Warbler,sous-espece,Oiseaux,Passériformes,Sylvidés
REGREG,13140,4308,Regulus regulus,Roitelet huppé,Goldcrest,espece,Oiseaux,Passériformes,Sylvidés
REGIGN,13150,459638,Regulus ignicapilla,Roitelet à triple bandeau,Firecrest,espece,Oiseaux,Passériformes,Sylvidés
MUSSTR,13350,4319,Muscicapa striata,Gobemouche gris,Spotted Flycatcher,espece,Oiseaux,Passériformes,Muscicapidés
FICPAR,13430,4324,Ficedula parva,Gobemouche nain,Red-breasted Flycatcher,espece,Oiseaux,Passériformes,Muscicapidés
FICALB,13480,4327,Ficedula albicollis,Gobemouche à collier,Collared Flycatcher,espece,Oiseaux,Passériformes,Muscicapidés
FICHYP,13490,4330,Ficedula hypoleuca,Gobemouche noir,European Pied Flycatcher,espece,Oiseaux,Passériformes,Muscicapidés
PANBIA,13640,4338,Panurus biarmicus,Panure à moustaches,Bearded Reedling,espece,Oiseaux,Passériformes,Timaliidés
LEILUT,14070,444425,Leiothrix lutea,Leïothrix jaune,Red-billed Leiothrix,espece,Oiseaux,Passériformes,Timaliidés
AEGCAU,14370,4342,Aegithalos caudatus,Mésange à longue queue,Long-tailed Tit,espece,Oiseaux,Passériformes,Aagithalidés
AEGCAUCAU,14371,804727,Aegithalos caudatus caudatus,Mésange à longue queue scandinavie,Long-tailed Tit,sous-espece,Oiseaux,Passériformes,Aagithalidés
AEGCAUROS,14375,,Aegithalos caudatus rosaceus,Mésange à longue queue britannique,Long-tailed Tit (Great Britain),sous-espece,Oiseaux,Passériformes,Aagithalidés
PARPAL,14400,534753,Poecile palustris,Mésange nonnette,Marsh Tit,espece,Oiseaux,Passériformes,Paridés
PARLUG,14410,,Poecile lugubris,Mésange lugubre,Sombre Tit,espece,Oiseaux,Passériformes,Paridés
PARMON,14420,4355,Parus montanus,Mésange boréale,Willow Tit,espece,Oiseaux,Passériformes,Paridés
PARCIN,14480,,Poecile cinctus,Mésange lapone,Siberian Tit,espece,Oiseaux,Passériformes,Paridés
PARCRI,14540,534750,Lophophanes cristatus,Mésange huppée,Crested Tit,espece,Oiseaux,Passériformes,Paridés
PARATE,14610,534751,Periparus ater,Mésange noire,Coal Tit,espece,Oiseaux,Passériformes,Paridés
PARCAE,14620,534742,Cyanistes caeruleus,Mésange bleue,Eurasian Blue Tit,espece,Oiseaux,Passériformes,Paridés
PARCYA,14630,3768,Parus cyanus,Mésange azurée,Azure Tit,espece,Oiseaux,Passériformes,Paridés
PARMAJ,14640,3764,Parus major,Mésange charbonnière,Great Tit,espece,Oiseaux,Passériformes,Paridés
SITWHI,14700,3772,Sitta whiteheadi,Sittelle corse,Corsican Nuthatch,espece,Oiseaux,Passériformes,Sittidés
SITEUR,14790,3774,Sitta europaea,Sittelle torchepot,Eurasian Nuthatch,espece,Oiseaux,Passériformes,Sittidés
SITNEU,14810,,Sitta neumayer,Sittelle des rochers,Rock Nuthatch,espece,Oiseaux,Passériformes,Sittidés
TICMUR,14820,3780,Tichodroma muraria,Tichodrome échelette,Wallcreeper,espece,Oiseaux,Passériformes,Tichodronidés
CERFAM,14860,3784,Certhia familiaris,Grimpereau des bois,Eurasian Treecreeper,espece,Oiseaux,Passériformes,Certhiidés
CERBRA,14870,3791,Certhia brachydactyla,Grimpereau des jardins,Short-toed Treecreeper,espece,Oiseaux,Passériformes,Certhiidés
REMPEN,14900,3798,Remiz pendulinus,Rémiz penduline,Eurasian Penduline-Tit,espece,Oiseaux,Passériformes,Rémizidés
ORIORI,15080,3803,Oriolus oriolus,Loriot d'Europe,Eurasian Golden Oriole,espece,Oiseaux,Passériformes,Oriolidés
LANISA,15140,459630,Lanius isabellinus,Pie-grièche isabelle,Isabelline Shrike,espece,Oiseaux,Passériformes,Laniidés
LANCOL,15150,3807,Lanius collurio,Pie-grièche écorcheur,Red-backed Shrike,espece,Oiseaux,Passériformes,Laniidés
LANMIN,15190,3811,Lanius minor,Pie-grièche à poitrine rose,Lesser Gray Shrike,espece,Oiseaux,Passériformes,Laniidés
LANEXC,15200,3814,Lanius excubitor,Pie-grièche grise,Northern Shrike,espece,Oiseaux,Passériformes,Laniidés
LANSEN,15230,4460,Lanius senator,Pie-grièche à tête rousse,Woodchat Shrike,espece,Oiseaux,Passériformes,Laniidés
GARGLA,15390,4466,Garrulus glandarius,Geai des chênes,Eurasian Jay,espece,Oiseaux,Passériformes,Corvidés
PERINF,15430,,Perisoreus infaustus,Mésangeai imitateur,Siberian Jay,espece,Oiseaux,Passériformes,Corvidés
CYACYA,15470,199411,Cyanopica cyanus,Pie bleue,Azure-winged Magpie,espece,Oiseaux,Passériformes,Corvidés
PICPIC,15490,4474,Pica pica,Pie bavarde,Eurasian Magpie,espece,Oiseaux,Passériformes,Corvidés
NUCCAR,15570,4480,Nucifraga caryocatactes,Cassenoix moucheté,Spotted nutcracker,espece,Oiseaux,Passériformes,Corvidés
NUCCARCAR,15571,4482,Nucifraga caryocatactes caryocatactes,Cassenoix moucheté,Spotted nutcracker,sous-espece,Oiseaux,Passériformes,Corvidés
NUCCARMAC,15572,,Nucifraga caryocatactes macrorhynchos,Cassenoix moucheté sibérien,Slender-billed Spotted Nutcracker,sous-espece,Oiseaux,Passériformes,Corvidés
PYRGRA,15580,4485,Pyrrhocorax graculus,Chocard à bec jaune,Yellow-billed Chough,espece,Oiseaux,Passériformes,Corvidés
PYRRAX,15590,4488,Pyrrhocorax pyrrhocorax,Crave à bec rouge,Red-billed Chough,espece,Oiseaux,Passériformes,Corvidés
CORMON,15600,4494,Corvus monedula,Choucas des tours,Eurasian Jackdaw,espece,Oiseaux,Passériformes,Corvidés
CORMONMON,15601,4497,Corvus monedula monedula,Choucas des tours scandinave,Jackdaw,sous-espece,Oiseaux,Passériformes,Corvidés
CORDAU,15610,199412,Corvus dauuricus,Choucas de Daourie,Daurian Jackdaw,espece,Oiseaux,Passériformes,Corvidés
CORFRU,15630,4501,Corvus frugilegus,Corbeau freux,Rook,espece,Oiseaux,Passériformes,Corvidés
CORCOR,15670,4503,Corvus corone,Corneille noire,Carrion Crow,espece,Oiseaux,Passériformes,Corvidés
CORCORNIX,15673,4505,Corvus corone cornix,Corneille mantelée,Hooded crow,sous-espece,Oiseaux,Passériformes,Corvidés
CORCORSAR,,4509,Corvus corone sardonius,Corneille mantelée sarde,South European Hooded Crow,sous-espece,Oiseaux,Passériformes,Corvidés
CORRAX,15720,4510,Corvus corax,Grand Corbeau,Common Raven,espece,Oiseaux,Passériformes,Corvidés
STUVUL,15820,4516,Sturnus vulgaris,Étourneau sansonnet,European Starling,espece,Oiseaux,Passériformes,Sturnidés
STUUNI,15830,4518,Sturnus unicolor,Étourneau unicolore,Spotless Starling,espece,Oiseaux,Passériformes,Sturnidés
STUROS,15840,4520,Sturnus roseus,Étourneau roselin,Rosy Starling,espece,Oiseaux,Passériformes,Sturnidés
PASDOM,15910,4525,Passer domesticus,Moineau domestique,House Sparrow,espece,Oiseaux,Passériformes,Passéridés
PASITA,15912,199494,Passer italiae,Moineau cisalpin,Italian Sparrow,espece,Oiseaux,Passériformes,Passéridés
PASHIS,15920,4530,Passer hispaniolensis,Moineau espagnol,Spanish Sparrow,espece,Oiseaux,Passériformes,Passéridés
PASMON,15980,4532,Passer montanus,Moineau friquet,Eurasian Tree Sparrow,espece,Oiseaux,Passériformes,Passéridés
PETPET,16040,4540,Petronia petronia,Moineau soulcie,Rock Petronia,espece,Oiseaux,Passériformes,Passéridés
MONNIV,16110,4537,Montifringilla nivalis,Niverolle alpine,White-winged Snowfinch,espece,Oiseaux,Passériformes,Passéridés
EUOMAL,16180,534746,Euodice malabarica,Capucin bec-de-plomb,Indian Siverbill,espece,Oiseaux,Passériformes,Estérildidés
VIROLI,16330,4560,Vireo olivaceus,Viréo à oeil rouge,Red-eyed Vireo,espece,Oiseaux,Passériformes,Viréonidés
PINSON,,,,Pinson sp,,generique,Oiseaux,Passériformes,Fringillidés
FRICOE,16360,4564,Fringilla coelebs,Pinson des arbres,Common Chaffinch,espece,Oiseaux,Passériformes,Fringillidés
FRIMON,16380,4568,Fringilla montifringilla,Pinson du Nord,Brambling,espece,Oiseaux,Passériformes,Fringillidés
SERSER,16400,4571,Serinus serinus,Serin cini,European Serin,espece,Oiseaux,Passériformes,Fringillidés
SERCIT,16440,4574,Serinus citrinella,Venturon montagnard,Citril Finch,espece,Oiseaux,Passériformes,Fringillidés
SERCOR,16442,534755,Serinus corsicanus,Venturon corse,Corsican Finch,espece,Oiseaux,Passériformes,Fringillidés
CARCHL,16490,4580,Carduelis chloris,Verdier d'Europe,European Greenfinch,espece,Oiseaux,Passériformes,Fringillidés
CARCAR,16530,4583,Carduelis carduelis,Chardonneret élégant,European Goldfinch,espece,Oiseaux,Passériformes,Fringillidés
CARSPI,16540,4586,Carduelis spinus,Tarin des aulnes,Eurasian Siskin,espece,Oiseaux,Passériformes,Fringillidés
CARCAN,16600,4588,Carduelis cannabina,Linotte mélodieuse,Eurasian Linnet,espece,Oiseaux,Passériformes,Fringillidés
CARRIS,16620,4590,Carduelis flavirostris,Linotte à bec jaune,Twite,espece,Oiseaux,Passériformes,Fringillidés
CARFLA,16630,4595,Carduelis flammea,Sizerin flammé,Common Redpoll,espece,Oiseaux,Passériformes,Fringillidés
CARFLAFLA,16631,4600,Carduelis flammea flammea,Sizerin boréal,Common Redpoll,sous-espece,Oiseaux,Passériformes,Fringillidés
CARFLAROS,16632,,Carduelis flammea rostrata,Sizerin flammé groenlandais,Common Redpoll (rostrata),sous-espece,Oiseaux,Passériformes,Fringillidés
CARFLACAB,16634,4598,Carduelis flammea cabaret,Sizerin cabaret, Lesser Redpoll,sous-espece,Oiseaux,Passériformes,Fringillidés
CARHOR,16640,199503,Carduelis hornemanni,Sizerin blanchâtre,Hoary Redpoll,espece,Oiseaux,Passériformes,Fringillidés
CARHORHOR,16641,,Carduelis hornemanni hornemanni,Sizerin blanchâtre hornemanni,Hoary Redpoll (hornemanni),sous-espece,Oiseaux,Passériformes,Fringillidés
CARHOREXI,16642,,Carduelis hornemanni exilipes,Sizerin blanchâtre exilipes,Hoary Redpoll (exilipes),sous-espece,Oiseaux,Passériformes,Fringillidés
LOXLEU,16650,4609,Loxia leucoptera,Bec-croisé bifascié,White-winged Crossbill,espece,Oiseaux,Passériformes,Fringillidés
LOXCUR,16660,4603,Loxia curvirostra,Bec-croisé des sapins,Red Crossbill,espece,Oiseaux,Passériformes,Fringillidés
LOXSCO,16670,,Loxia scotica,Bec-croisé d'Ecosse,Scottish Crossbill,espece,Oiseaux,Passériformes,Fringillidés
LOXPYT,16680,4607,Loxia pytyopsittacus,Bec-croisé perroquet,Parrot Crossbill,espece,Oiseaux,Passériformes,Fringillidés
CARERY,16790,4616,Carpodacus erythrinus,Roselin cramoisi,Common Rosefinch,espece,Oiseaux,Passériformes,Fringillidés
PINENU,16990,4613,Pinicola enucleator,Durbec des sapins,Pine Grosbeak,espece,Oiseaux,Passériformes,Fringillidés
PYRPYR,17100,4619,Pyrrhula pyrrhula,Bouvreuil pivoine,Eurasian Bullfinch,espece,Oiseaux,Passériformes,Fringillidés
PYRPYRPYR,17101,4621,Pyrrhula pyrrhula pyrrhula,Bouvreuil pivoine nordique,Eurasian Bullfinch,sous-espece,Oiseaux,Passériformes,Corvidés
PYRPYREUR,17102,4623,Pyrrhula pyrrhula europaea,Bouvreuil pivoine d'Europe de l'Ouest,West European Eurasian Bullfinch,sous-espece,Oiseaux,Passériformes,Corvidés
COCCOC,17170,4625,Coccothraustes coccothraustes,Grosbec casse-noyaux,Hawfinch,espece,Oiseaux,Passériformes,Fringillidés
PARAME,17320,627455,Setophaga americana,Paruline à collier,Northern Parula,espece,Oiseaux,Passériformes,Parulidés
DENSTR,17530,627671,Setophaga striata,Paruline rayée,Blackpoll Warbler,espece,Oiseaux,Passériformes,Parulidés
SETRUT,17550,4636,Setophaga ruticilla,Paruline flamboyante,American Redstart,espece,Oiseaux,Passériformes,Parulidés
SEINOV,17570,626165,Parkesia noveboracensis,Paruline des ruisseaux,Northern Waterthrush,espece,Oiseaux,Passériformes,Parulidés
CALLAP,18470,4644,Calcarius lapponicus,Bruant lapon,Lapland Longspur,espece,Oiseaux,Passériformes,Embérizidés
PLENIV,18500,4649,Plectrophenax nivalis,Bruant des neiges,Snow Bunting,espece,Oiseaux,Passériformes,Embérizidés
EMBLEU,18560,199522,Emberiza leucocephalos,Bruant à calotte blanche,Pine Bunting,espece,Oiseaux,Passériformes,Embérizidés
EMBCIT,18570,4657,Emberiza citrinella,Bruant jaune,Yellowhammer,espece,Oiseaux,Passériformes,Embérizidés
EMBCIR,18580,4659,Emberiza cirlus,Bruant zizi,Cirl Bunting,espece,Oiseaux,Passériformes,Embérizidés
EMBCIA,18600,4663,Emberiza cia,Bruant fou,Rock Bunting,espece,Oiseaux,Passériformes,Embérizidés
EMBHOR,18660,4665,Emberiza hortulana,Bruant ortolan,Ortolan Bunting,espece,Oiseaux,Passériformes,Embérizidés
EMBCAE,18680,4674,Emberiza caesia,Bruant cendrillard,Cretzschmar's Bunting,espece,Oiseaux,Passériformes,Embérizidés
EMBPUS,18740,4667,Emberiza pusilla,Bruant nain,Little Bunting,espece,Oiseaux,Passériformes,Embérizidés
EMBAUR,18760,4678,Emberiza aureola,Bruant auréole,Yellow-breasted Bunting,espece,Oiseaux,Passériformes,Embérizidés
EMBSCH,18770,4669,Emberiza schoeniclus,Bruant des roseaux,Reed Bunting,espece,Oiseaux,Passériformes,Embérizidés
EMBMEL,18810,4680,Emberiza melanocephala,Bruant mélanocéphale,Black-headed Bunting,espece,Oiseaux,Passériformes,Embérizidés
MILCAL,18820,4686,Emberiza calandra,Bruant proyer,Corn Bunting,espece,Oiseaux,Passériformes,Embérizidés
PHOCHI,20230,2692,Phoenicopterus chilensis,Flamant du Chili,Chilean Flamingo,espece,Oiseaux,Phoenicoptériformes,Phoenicoptéridés
RHOGIT,20280,2405,Bucanetes githagineus,Roselin githagine,Trumpeter Finch,espece,Oiseaux,Passériformes,Fringillidés
ARDMEL,20310,2510,Ardea melanocephala,Héron mélanocéphale,Black-headed Heron,espece,Oiseaux,Ciconiiformes,Ardéidés
CYGATR,20800,2702,Cygnus atratus,Cygne noir,Black Swan,espece,Oiseaux,Ansériformes,Anatidae
AQUNIP,30530,2648,Aquila nipalensis,Aigle des steppes,Steppe Eagle,espece,Oiseaux,Accipitriformes,Accipitridés
LANMER,32910,199409,Lanius meridionalis,Pie-grièche méridionale,Southern Gray Shrike,espece,Oiseaux,Passériformes,Laniidés
AGAROS,,,Agapornis roseicollis,Inséparable rosegorge,Rosy-faced Lovebird,espece,Oiseaux,Psittaciformes,Psittacidés
